Zoe,Gray,0680485
Elena,Simmons,0222213
Dylan,Clark,0430277
Adalyn,Reed,0664983
Isabella,Cooper,0663565
Elijah,Collins,0531213
Elijah,Wilson,0398676
Caden,Peterson,0520488
Caleb,Turner,0462701
Chloe,Sanders,0721803
Dylan,Brown,0448245
Noah,Perez,0221568
Caleb,Young,0384935
William,Patterson,0445291
Arianna,Gonzales,0628148
Nathan,Rodriguez,0357202
Brayden,Ramirez,0261785
Dylan,Phillips,0467507
Elizabeth,Gonzalez,0715031
Mackenzie,Green,0520885
Addison,Jones,0575414
Daniel,Jackson,0263175
Aaliyah,Wright,0638887
Mason,Rodriguez,0275052
Andrew,Sanchez,0338984
Adalyn,Campbell,0844573
Caden,Nelson,0443086
Zoe,Martin,0483185
Chloe,Ramirez,0818861
Caden,Gray,0599384
Brayden,Alexander,0602204
Isaiah,Patterson,0429007
Brooklyn,Hill,0384740
Jacob,Griffin,0329951
Arianna,Morgan,0231452
Daniel,Mitchell,0532587
Brayden,Bennett,0688434
Olivia,Sanchez,0720687
Aaliyah,Lopez,0257232
Dylan,Griffin,0782590
Ryan,Henderson,0418921
Kaylee,Jones,0696001
Brayden,Adams,0788952
Emma,Martinez,0656997
Natalie,Gray,0565393
Carter,Flores,0209597
Jacob,Lopez,0229312
Aria,Stewart,0448030
Adalyn,Bryant,0399500
Elena,Morgan,0505862
